hotspot_id,dominant_junction,historical_CHI,pred_24h_CHI,chi_pct_change
HS_8961892ebc7ffff,No Junction,35.77230263968731,100.0,179.54588500281713
HS_8961892c3c7ffff,No Junction,36.81468236143349,96.96003,163.37326138015155
HS_89618925133ffff,No Junction,39.148245152694535,100.0,155.43929136531705
HS_8961892ed1bffff,No Junction,39.1830270012266,100.0,155.2125439335495
HS_8961892c9b3ffff,No Junction,36.26079421805825,85.22359,135.02956533061976
HS_896189219cfffff,No Junction,44.204426684036555,100.0,126.22168751283178
HS_8961892cb43ffff,No Junction,41.95808517627867,94.16245,124.42028110231631
HS_89618925123ffff,No Junction,42.07439615023395,90.93285,116.12396616231612
HS_8960145b24fffff,No Junction,45.13484572672726,90.93285,101.46929104242679
HS_8961892ee9bffff,No Junction,49.81782551626804,100.0,100.73136264718127
HS_89618925807ffff,BTP126 - Dairy Circle,36.575883926221344,72.47711,98.15546211433383
HS_89618925833ffff,No Junction,28.044457133279792,55.16684,96.71209657377892
HS_8961892086bffff,No Junction,51.789627744246104,100.0,93.0888565058476
HS_89601458037ffff,No Junction,38.704306337954925,74.66404,92.90886900251198
HS_8960145b02fffff,No Junction,42.83697558875099,81.28534,89.75508480298578
HS_8960145a687ffff,No Junction,45.39055447607207,85.22359,87.75621496551445
HS_89618924c3bffff,No Junction,19.568955461842393,36.470924,86.37133928050605
HS_8961892cc2bffff,No Junction,19.568955461842393,36.470924,86.37133928050605
HS_896189262d3ffff,No Junction,19.568955461842393,36.470924,86.37133928050605
HS_8961892607bffff,No Junction,19.568955461842393,36.470924,86.37133928050605
HS_8960145908bffff,No Junction,19.568955461842393,36.470924,86.37133928050605
HS_8961892ce57ffff,No Junction,19.568955461842393,36.470924,86.37133928050605
HS_89618925447ffff,No Junction,19.568955461842393,36.470924,86.37133928050605
HS_8961892e377ffff,No Junction,19.568955461842393,36.470924,86.37133928050605
HS_8961892524bffff,No Junction,19.568955461842393,36.470924,86.37133928050605
HS_896016961bbffff,No Junction,19.568955461842393,36.470924,86.37133928050605
HS_8960169118fffff,No Junction,19.568955461842393,36.470924,86.37133928050605
HS_8960169618fffff,No Junction,19.568955461842393,36.470924,86.37133928050605
HS_89601459e7bffff,No Junction,19.568955461842393,36.470924,86.37133928050605
HS_8961892cdc7ffff,No Junction,19.568955461842393,36.470924,86.37133928050605
HS_8960145a4c3ffff,No Junction,19.568955461842393,36.470924,86.37133928050605
HS_8961892ea1bffff,No Junction,19.568955461842393,36.470924,86.37133928050605
HS_8961892ccafffff,No Junction,19.568955461842393,36.470924,86.37133928050605
HS_896014593a3ffff,No Junction,19.568955461842393,36.470924,86.37133928050605
HS_8960145ac37ffff,No Junction,19.568955461842393,36.470924,86.37133928050605
HS_896014512a7ffff,No Junction,19.568955461842393,36.470924,86.37133928050605
HS_8961892c3b3ffff,No Junction,19.568955461842393,36.470924,86.37133928050605
HS_8961892ec37ffff,No Junction,19.568955461842393,36.470924,86.37133928050605
HS_89618926acbffff,No Junction,19.568955461842393,36.470924,86.37133928050605
HS_89601451097ffff,No Junction,19.568955461842393,36.470924,86.37133928050605
HS_89601680c3bffff,No Junction,19.568955461842393,36.470924,86.37133928050605
HS_8961892d80fffff,No Junction,19.568955461842393,36.470924,86.37133928050605
HS_8961892c10bffff,No Junction,19.568955461842393,36.470924,86.37133928050605
HS_89618924077ffff,No Junction,19.568955461842393,36.470924,86.37133928050605
HS_8961892410fffff,No Junction,19.568955461842393,36.470924,86.37133928050605
HS_896014516cbffff,No Junction,19.568955461842393,36.470924,86.37133928050605
HS_89618925233ffff,No Junction,19.568955461842393,36.470924,86.37133928050605
HS_89618924117ffff,No Junction,19.568955461842393,36.470924,86.37133928050605
HS_89618925b97ffff,No Junction,37.30294817813723,68.414894,83.40345051896189
HS_8960145a68fffff,No Junction,49.86797376492387,90.93285,82.347199682476
HS_8960145a423ffff,BTP155 - Katriguppe Junction,54.92071797074799,100.0,82.080649516021
HS_8960145a323ffff,No Junction,50.11924464435599,90.93285,81.43300910455874
HS_8961892594bffff,No Junction,39.192996902197095,68.414894,74.55897612200377
HS_8961892c96fffff,No Junction,57.38161125530659,100.0,74.27185785193878
HS_896014586b3ffff,No Junction,19.568955461842393,34.01901,73.8417193641656
HS_89618925947ffff,"BTP186 - 9th Cross, 4th Main, Jayanagar",53.765605717373,92.882286,72.75409591780118
HS_8961892d873ffff,No Junction,21.232571969694636,36.470924,71.76875429644865
HS_8961892ea7bffff,No Junction,21.232571969694636,36.470924,71.76875429644865
HS_89601458053ffff,No Junction,21.232571969694636,36.470924,71.76875429644865
HS_8961892e32bffff,No Junction,21.232571969694636,36.470924,71.76875429644865
HS_89618925cc3ffff,No Junction,21.232571969694636,36.470924,71.76875429644865
HS_89618921d3bffff,No Junction,21.232571969694636,36.470924,71.76875429644865
HS_8961892638bffff,No Junction,21.37134694988872,36.470924,70.65337277504311
HS_8961892ed53ffff,No Junction,21.37134694988872,36.470924,70.65337277504311
HS_89601690c73ffff,No Junction,21.37134694988872,36.470924,70.65337277504311
HS_89618924b27ffff,No Junction,21.37134694988872,36.470924,70.65337277504311
HS_8961892ed2bffff,No Junction,58.671104507519175,100.0,70.44165239327342
HS_8960145b00fffff,No Junction,59.101722724854554,100.0,69.19980567325517
HS_8960145b25bffff,No Junction,58.02268236405179,96.56982,66.43459532506158
HS_89618924373ffff,No Junction,19.568955461842393,32.532673,66.24634332433178
HS_8961892e6c7ffff,No Junction,19.568955461842393,32.532673,66.24634332433178
HS_8961892e697ffff,No Junction,19.568955461842393,32.532673,66.24634332433178
HS_896189243b7ffff,No Junction,19.568955461842393,32.532673,66.24634332433178
HS_8961892e293ffff,No Junction,19.568955461842393,32.532673,66.24634332433178
HS_8960145866bffff,No Junction,19.568955461842393,32.532673,66.24634332433178
HS_8961892f693ffff,No Junction,19.568955461842393,32.532673,66.24634332433178
HS_89618925403ffff,No Junction,60.450514543473,100.0,65.4245638026538
HS_8961892e383ffff,No Junction,60.64862240697752,100.0,64.8842068150507
HS_8960145126bffff,No Junction,22.175194476673312,36.470924,64.46721319989396
HS_8961892cecbffff,No Junction,22.175194476673312,36.470924,64.46721319989396
HS_89618920923ffff,No Junction,60.89991057995181,100.0,64.20385358155174
HS_8960145ad13ffff,No Junction,22.320130388285556,36.470924,63.399244283011534
HS_8960145b157ffff,"BTP204 - ESI Hospital, Rajajinagar",60.00025342688278,97.6964,62.82665142818487
HS_896189252bbffff,No Junction,22.412533357894727,36.470924,62.72557767145349
HS_89618925bd3ffff,BTP103 - Shanti Nagar TTMC,42.134661676622194,68.406975,62.353207716475126
HS_8961892421bffff,No Junction,56.31963060490913,90.93285,61.45854069363207
HS_896189259bbffff,"BTP189 - New Diagonal Road, Jayanagar",62.203225984221966,100.0,60.763366236608526
HS_8961892c9b7ffff,No Junction,51.09321614160118,81.9042,60.30346859723898
HS_89601458093ffff,No Junction,22.856912539756102,36.470924,59.56190195856861
HS_8961892cb7bffff,No Junction,62.92732132596377,100.0,58.91348605480855
HS_8961892ce8fffff,No Junction,23.009808154727345,36.470924,58.501644742954916
HS_89601459337ffff,No Junction,23.009808154727345,36.470924,58.501644742954916
HS_8960145a5a3ffff,No Junction,23.009808154727345,36.470924,58.501644742954916
HS_8961892586bffff,No Junction,34.93051776722575,55.16684,57.93307149706997
HS_89618924dcbffff,No Junction,23.12342783190781,36.470924,57.72282830452803
HS_896189249a7ffff,No Junction,23.12342783190781,36.470924,57.72282830452803
HS_8961892c09bffff,No Junction,23.12342783190781,36.470924,57.72282830452803
HS_89601459613ffff,No Junction,23.12342783190781,36.470924,57.72282830452803
HS_89618924903ffff,No Junction,23.12342783190781,36.470924,57.72282830452803
HS_89601451697ffff,No Junction,23.12342783190781,36.470924,57.72282830452803
HS_896189271bbffff,No Junction,23.12342783190781,36.470924,57.72282830452803
HS_896014594bbffff,No Junction,23.12342783190781,36.470924,57.72282830452803
HS_8961892c99bffff,No Junction,23.12342783190781,36.470924,57.72282830452803
HS_89618924913ffff,No Junction,23.12342783190781,36.470924,57.72282830452803
HS_8961892660bffff,No Junction,23.12342783190781,36.470924,57.72282830452803
HS_8961892ec47ffff,No Junction,23.12342783190781,36.470924,57.72282830452803
HS_8961892ce4fffff,No Junction,23.12342783190781,36.470924,57.72282830452803
HS_89618925653ffff,No Junction,23.12342783190781,36.470924,57.72282830452803
HS_8961892cd6fffff,No Junction,23.12342783190781,36.470924,57.72282830452803
HS_89601451aa7ffff,No Junction,23.12342783190781,36.470924,57.72282830452803
HS_89601451e2fffff,No Junction,23.12342783190781,36.470924,57.72282830452803
HS_89618925683ffff,No Junction,23.12342783190781,36.470924,57.72282830452803
HS_89601458353ffff,No Junction,23.12342783190781,36.470924,57.72282830452803
HS_8960145938bffff,No Junction,23.12342783190781,36.470924,57.72282830452803
HS_8961892468bffff,No Junction,23.12342783190781,36.470924,57.72282830452803
HS_89601459213ffff,No Junction,23.12342783190781,36.470924,57.72282830452803
HS_89618924e87ffff,No Junction,23.12342783190781,36.470924,57.72282830452803
HS_89601458177ffff,No Junction,23.12342783190781,36.470924,57.72282830452803
HS_8961892512bffff,No Junction,23.12342783190781,36.470924,57.72282830452803
HS_89618924453ffff,No Junction,23.12342783190781,36.470924,57.72282830452803
HS_89601458ec7ffff,No Junction,23.12342783190781,36.470924,57.72282830452803
HS_89601459bc7ffff,No Junction,23.12342783190781,36.470924,57.72282830452803
HS_8961892406fffff,No Junction,23.12342783190781,36.470924,57.72282830452803
HS_8961892406bffff,No Junction,23.12342783190781,36.470924,57.72282830452803
HS_8960145a013ffff,No Junction,23.12342783190781,36.470924,57.72282830452803
HS_89618920b5bffff,No Junction,23.12342783190781,36.470924,57.72282830452803
HS_89618920c03ffff,No Junction,23.12342783190781,36.470924,57.72282830452803
HS_89618924253ffff,No Junction,23.12342783190781,36.470924,57.72282830452803
HS_8961892e1d7ffff,No Junction,23.12342783190781,36.470924,57.72282830452803
HS_8961892ebafffff,No Junction,23.12342783190781,36.470924,57.72282830452803
HS_896189241a7ffff,No Junction,23.12342783190781,36.470924,57.72282830452803
HS_8961892eb47ffff,No Junction,23.12342783190781,36.470924,57.72282830452803
HS_8960145a0b3ffff,No Junction,23.12342783190781,36.470924,57.72282830452803
HS_8960145904bffff,No Junction,23.12342783190781,36.470924,57.72282830452803
HS_8961892516bffff,No Junction,23.12342783190781,36.470924,57.72282830452803
HS_8961892cc8fffff,No Junction,23.12342783190781,36.470924,57.72282830452803
HS_8960145944bffff,No Junction,23.12342783190781,36.470924,57.72282830452803
HS_896189253c7ffff,No Junction,23.12342783190781,36.470924,57.72282830452803
HS_896189253d3ffff,No Junction,23.12342783190781,36.470924,57.72282830452803
HS_8961892543bffff,No Junction,23.12342783190781,36.470924,57.72282830452803
HS_8961892ccdbffff,No Junction,23.12342783190781,36.470924,57.72282830452803
HS_89601458593ffff,No Junction,23.12342783190781,36.470924,57.72282830452803
HS_89601458573ffff,No Junction,23.12342783190781,36.470924,57.72282830452803
HS_8961892ed6fffff,No Junction,23.12342783190781,36.470924,57.72282830452803
HS_896189254b3ffff,No Junction,23.12342783190781,36.470924,57.72282830452803
HS_8961892550bffff,No Junction,23.12342783190781,36.470924,57.72282830452803
HS_896189255a7ffff,No Junction,23.12342783190781,36.470924,57.72282830452803
HS_8961892cc0fffff,No Junction,23.12342783190781,36.470924,57.72282830452803
HS_8960145907bffff,No Junction,23.12342783190781,36.470924,57.72282830452803
HS_8960145916fffff,No Junction,23.12342783190781,36.470924,57.72282830452803
HS_89601451497ffff,No Junction,23.12342783190781,36.470924,57.72282830452803
HS_89601451663ffff,No Junction,23.12342783190781,36.470924,57.72282830452803
HS_89601453357ffff,No Junction,23.12342783190781,36.470924,57.72282830452803
HS_89601451287ffff,No Junction,23.12342783190781,36.470924,57.72282830452803
HS_8960145a5c3ffff,No Junction,23.12342783190781,36.470924,57.72282830452803
HS_8960145a8cfffff,No Junction,23.12342783190781,36.470924,57.72282830452803
HS_8961892e56fffff,No Junction,23.12342783190781,36.470924,57.72282830452803
HS_8961892016fffff,No Junction,23.12342783190781,36.470924,57.72282830452803
HS_89601696d2bffff,No Junction,23.12342783190781,36.470924,57.72282830452803
HS_8960145a36bffff,No Junction,23.12342783190781,36.470924,57.72282830452803
HS_89601696917ffff,No Junction,23.12342783190781,36.470924,57.72282830452803
HS_8960169604bffff,No Junction,23.12342783190781,36.470924,57.72282830452803
HS_8961892ea23ffff,No Junction,23.12342783190781,36.470924,57.72282830452803
HS_89601690d5bffff,No Junction,23.12342783190781,36.470924,57.72282830452803
HS_896016944c7ffff,No Junction,23.12342783190781,36.470924,57.72282830452803
HS_8961892ea03ffff,No Junction,23.12342783190781,36.470924,57.72282830452803
HS_8960169231bffff,No Junction,23.12342783190781,36.470924,57.72282830452803
HS_8960169119bffff,No Junction,23.12342783190781,36.470924,57.72282830452803
HS_8961892c30bffff,No Junction,23.12342783190781,36.470924,57.72282830452803
HS_8960145a6a7ffff,No Junction,23.12342783190781,36.470924,57.72282830452803
HS_8961892c827ffff,No Junction,23.12342783190781,36.470924,57.72282830452803
HS_8960145943bffff,No Junction,23.12342783190781,36.470924,57.72282830452803
HS_8961892dbb3ffff,No Junction,23.12342783190781,36.470924,57.72282830452803
HS_8960145364bffff,No Junction,23.12342783190781,36.470924,57.72282830452803
HS_8961892634bffff,No Junction,23.12342783190781,36.470924,57.72282830452803
HS_8961892605bffff,No Junction,23.12342783190781,36.470924,57.72282830452803
HS_896014580cfffff,No Junction,23.12342783190781,36.470924,57.72282830452803
HS_8960145810fffff,No Junction,23.12342783190781,36.470924,57.72282830452803
HS_89618926053ffff,No Junction,23.12342783190781,36.470924,57.72282830452803
HS_89601458153ffff,No Junction,23.12342783190781,36.470924,57.72282830452803
HS_896014581a7ffff,No Junction,23.12342783190781,36.470924,57.72282830452803
HS_8961892ea87ffff,No Junction,23.12342783190781,36.470924,57.72282830452803
HS_896016900a7ffff,No Junction,23.12342783190781,36.470924,57.72282830452803
HS_89601690033ffff,No Junction,23.12342783190781,36.470924,57.72282830452803
HS_8960169008fffff,No Junction,23.12342783190781,36.470924,57.72282830452803
HS_8961892c34bffff,No Junction,23.12342783190781,36.470924,57.72282830452803
HS_896014511cbffff,No Junction,23.12342783190781,36.470924,57.72282830452803
HS_89618934ad3ffff,No Junction,23.12342783190781,36.470924,57.72282830452803
HS_8961892c583ffff,No Junction,23.12342783190781,36.470924,57.72282830452803
HS_8961892c8abffff,No Junction,23.12342783190781,36.470924,57.72282830452803
HS_896189263a3ffff,No Junction,23.12342783190781,36.470924,57.72282830452803
HS_8961892cbb3ffff,No Junction,23.12342783190781,36.470924,57.72282830452803
HS_8961892cbafffff,No Junction,23.12342783190781,36.470924,57.72282830452803
HS_89618925e17ffff,No Junction,23.12342783190781,36.470924,57.72282830452803
HS_89618925e83ffff,No Junction,23.12342783190781,36.470924,57.72282830452803
HS_8961892cb37ffff,No Junction,23.12342783190781,36.470924,57.72282830452803
HS_8961892ee5bffff,No Junction,23.12342783190781,36.470924,57.72282830452803
HS_89618925e8fffff,No Junction,23.12342783190781,36.470924,57.72282830452803
HS_89618926043ffff,No Junction,23.12342783190781,36.470924,57.72282830452803
HS_89601696413ffff,No Junction,23.12342783190781,36.470924,57.72282830452803
HS_89618920b0bffff,No Junction,23.12342783190781,36.470924,57.72282830452803
HS_89601690553ffff,No Junction,23.12342783190781,36.470924,57.72282830452803
HS_8961892e987ffff,No Junction,23.12342783190781,36.470924,57.72282830452803
HS_896016901bbffff,No Junction,23.12342783190781,36.470924,57.72282830452803
HS_89601690197ffff,No Junction,23.12342783190781,36.470924,57.72282830452803
HS_8960169014fffff,No Junction,23.12342783190781,36.470924,57.72282830452803
HS_8960145ad2bffff,No Junction,23.12342783190781,36.470924,57.72282830452803
HS_8960169010fffff,No Junction,23.12342783190781,36.470924,57.72282830452803
HS_8961892e953ffff,No Junction,23.12342783190781,36.470924,57.72282830452803
HS_89601690093ffff,No Junction,23.12342783190781,36.470924,57.72282830452803
HS_8961892ea9bffff,No Junction,23.12342783190781,36.470924,57.72282830452803
HS_8960144a2cbffff,No Junction,23.12342783190781,36.470924,57.72282830452803
HS_8960145a6b3ffff,No Junction,23.15569571021043,36.470924,57.503038707490305
HS_89601459383ffff,No Junction,23.16019905769942,36.470924,57.47241328358508
HS_8960145951bffff,No Junction,23.16019905769942,36.470924,57.47241328358508
HS_8960145b2d3ffff,No Junction,23.16019905769942,36.470924,57.47241328358508
HS_8960169600fffff,No Junction,23.16019905769942,36.470924,57.47241328358508
HS_89618924ab7ffff,No Junction,23.16019905769942,36.470924,57.47241328358508
HS_89618921917ffff,No Junction,23.16019905769942,36.470924,57.47241328358508
HS_89618924b57ffff,No Junction,23.16019905769942,36.470924,57.47241328358508
HS_89618925453ffff,No Junction,63.54832113398723,100.0,57.36056943055495
HS_89601451233ffff,No Junction,23.429219061850297,36.470924,55.6642766502912
HS_8960145a453ffff,No Junction,23.429219061850297,36.470924,55.6642766502912
HS_8960145a1b7ffff,No Junction,23.51269846015935,36.470924,55.111606773841295
HS_8961892ea63ffff,No Junction,23.51269846015935,36.470924,55.111606773841295
HS_8961892cc53ffff,No Junction,23.51269846015935,36.470924,55.111606773841295
HS_896014592a3ffff,No Junction,23.51269846015935,36.470924,55.111606773841295
HS_8960145b007ffff,No Junction,56.264614783455926,86.99461,54.61691861265684
HS_8961892eba3ffff,No Junction,58.8237693756515,90.93285,54.5852206750451
HS_8960145b107ffff,"BTP024 - NPS, Vijayanagar",60.21960925526463,92.91348,54.29107530765449
HS_8961892541bffff,No Junction,59.55710805769846,90.93285,52.68178167857888
HS_896189241afffff,No Junction,23.897724891211723,36.470924,52.61253756776411
HS_896189359a7ffff,No Junction,43.72839258924861,66.186035,51.35711888143586
HS_8961892cb4fffff,No Junction,59.11805954466162,89.3999,51.22266027052446
HS_8960145b1a7ffff,BTP068 - Veeresh Theatre Junction,66.22084010128276,100.0,51.00986312927024
HS_8961892604bffff,No Junction,24.211129272120942,36.470924,50.63702302989059
HS_8960145b337ffff,BTP023 - Mahalaxmi Layout Entrance,59.15506602592316,89.09532,50.61317253239096
HS_8961892418bffff,No Junction,24.228239303283637,36.470924,50.53064286226745
HS_8961892cb4bffff,No Junction,49.32750425249956,73.572075,49.15020738436939
HS_8960145b0c7ffff,BTP054 - Shivananda Circle,34.49773941611715,51.283882,48.658674478692774
HS_8961892ddd7ffff,No Junction,24.54484272338359,36.470924,48.58895120438469
HS_8960145a1a3ffff,No Junction,24.54484272338359,36.470924,48.58895120438469
HS_8961892edc7ffff,No Junction,24.59128074394798,36.470924,48.308356759405704
HS_8961892ebd7ffff,No Junction,24.613449095390116,36.470924,48.17478134046679
HS_89618924263ffff,No Junction,24.634148724788812,36.470924,48.050272753048304
HS_8960145b5abffff,No Junction,24.650203207483337,36.470924,47.95384877950832
HS_8960144b5afffff,No Junction,24.705266532033153,36.470924,47.624087884875706
HS_8961892ee6fffff,No Junction,24.705266532033153,36.470924,47.624087884875706
HS_89618925693ffff,No Junction,24.705266532033153,36.470924,47.624087884875706
HS_89601459cd3ffff,No Junction,24.787044339760055,36.470924,47.137044165203825
HS_8960145a023ffff,No Junction,24.787044339760055,36.470924,47.137044165203825
HS_89601459d83ffff,No Junction,24.787044339760055,36.470924,47.137044165203825
HS_8961892cbd3ffff,No Junction,24.787044339760055,36.470924,47.137044165203825
HS_89601458513ffff,No Junction,24.787044339760055,36.470924,47.137044165203825
HS_8960145ad17ffff,No Junction,24.787044339760055,36.470924,47.137044165203825
HS_89618926b83ffff,No Junction,24.787044339760055,36.470924,47.137044165203825
HS_89618924a93ffff,No Junction,24.787044339760055,36.470924,47.137044165203825
HS_8961892dba3ffff,No Junction,24.787044339760055,36.470924,47.137044165203825
HS_8960145aa47ffff,No Junction,24.787044339760055,36.470924,47.137044165203825
HS_8961892e4d3ffff,No Junction,24.787044339760055,36.470924,47.137044165203825
HS_8961892eb13ffff,No Junction,24.787044339760055,36.470924,47.137044165203825
HS_89618920a4fffff,No Junction,24.787044339760055,36.470924,47.137044165203825
HS_8961892d88fffff,No Junction,24.787044339760055,36.470924,47.137044165203825
HS_8960145a86bffff,No Junction,24.787044339760055,36.470924,47.137044165203825
HS_8960145a477ffff,No Junction,24.787044339760055,36.470924,47.137044165203825
HS_8961892528bffff,No Junction,24.787044339760055,36.470924,47.137044165203825
HS_8961892c893ffff,No Junction,24.787044339760055,36.470924,47.137044165203825
HS_8960145b127ffff,No Junction,23.12342783190781,34.01901,47.11922853207812
HS_89601459e63ffff,No Junction,24.795156232793968,36.470924,47.088907345560976
HS_89601458457ffff,No Junction,24.795156232793968,36.470924,47.088907345560976
HS_8961892e82fffff,No Junction,24.851008009876463,36.470924,46.75833013673681
HS_8960145a6afffff,No Junction,24.86569034068272,36.470924,46.6716744146507
HS_8961892425bffff,No Junction,24.86569034068272,36.470924,46.6716744146507
HS_8961892ea13ffff,No Junction,24.86569034068272,36.470924,46.6716744146507
HS_8960145a0a3ffff,No Junction,24.86569034068272,36.470924,46.6716744146507
HS_8961892e84bffff,No Junction,24.949051165510117,36.470924,46.181608813481745
HS_8961892e13bffff,No Junction,24.949051165510117,36.470924,46.181608813481745
HS_89618927243ffff,No Junction,24.949051165510117,36.470924,46.181608813481745
HS_89601696513ffff,No Junction,24.949051165510117,36.470924,46.181608813481745
HS_8961892ead7ffff,No Junction,24.949051165510117,36.470924,46.181608813481745
HS_896016966bbffff,No Junction,24.949051165510117,36.470924,46.181608813481745
HS_8961892ccbbffff,No Junction,24.949051165510117,36.470924,46.181608813481745
HS_8961892dd1bffff,No Junction,24.949051165510117,36.470924,46.181608813481745
HS_89618920b77ffff,No Junction,24.949051165510117,36.470924,46.181608813481745
HS_8960145b2bbffff,No Junction,24.949051165510117,36.470924,46.181608813481745
HS_8960145a1afffff,No Junction,24.949051165510117,36.470924,46.181608813481745
HS_89601696637ffff,No Junction,24.949051165510117,36.470924,46.181608813481745
HS_89618924837ffff,No Junction,24.949051165510117,36.470924,46.181608813481745
HS_89601458e53ffff,No Junction,24.949051165510117,36.470924,46.181608813481745
HS_896189248c3ffff,No Junction,24.949051165510117,36.470924,46.181608813481745
HS_8961892d887ffff,No Junction,24.949051165510117,36.470924,46.181608813481745
HS_89601453343ffff,No Junction,24.949051165510117,36.470924,46.181608813481745
HS_8960145945bffff,No Junction,24.949051165510117,36.470924,46.181608813481745
HS_8961892e52fffff,No Junction,24.949051165510117,36.470924,46.181608813481745
HS_8961892ec73ffff,No Junction,24.949051165510117,36.470924,46.181608813481745
HS_89601690017ffff,No Junction,24.949051165510117,36.470924,46.181608813481745
HS_8960145ae77ffff,No Junction,24.949051165510117,36.470924,46.181608813481745
HS_8961892ea0fffff,No Junction,24.949051165510117,36.470924,46.181608813481745
HS_8960145b30fffff,No Junction,68.45967134663361,100.0,46.07139945745201
HS_8961892ee4fffff,No Junction,24.970335716671435,36.470924,46.0570045643864
HS_896189242d3ffff,No Junction,25.05917048016759,36.470924,45.539232459052634
HS_896189253a3ffff,No Junction,25.117171248804283,36.470924,45.203152123181965
HS_8960145b52fffff,No Junction,22.412533357894727,32.532673,45.153929556207764
HS_89618925b9bffff,BTP122 - Siddapura Junction,38.19122696935754,55.158924,44.42825873868776
HS_896189240a7ffff,No Junction,25.25611125394707,36.470924,44.40435429956251
HS_89618925cd7ffff,No Junction,25.25611125394707,36.470924,44.40435429956251
HS_8961892e52bffff,No Junction,25.25611125394707,36.470924,44.40435429956251
HS_8961892cd1bffff,No Junction,25.25611125394707,36.470924,44.40435429956251
HS_89601459adbffff,No Junction,25.25611125394707,36.470924,44.40435429956251
HS_89618920b33ffff,No Junction,25.25611125394707,36.470924,44.40435429956251
HS_896016966a3ffff,No Junction,25.25611125394707,36.470924,44.40435429956251
HS_89618924bc3ffff,No Junction,25.25611125394707,36.470924,44.40435429956251
HS_8960145b10bffff,"BTP204 - ESI Hospital, Rajajinagar",69.5248427879759,100.0,43.833478782485905
HS_8960145b697ffff,No Junction,60.61943701310737,86.99461,43.50943844735909
HS_89618925c93ffff,No Junction,25.522766817305165,36.470924,42.89565327499321
HS_8960145a38fffff,No Junction,25.561902483889547,36.470924,42.676877827960176
HS_89618920b0fffff,No Junction,66.98317258773947,95.46475,42.520499566094585
HS_89618926397ffff,No Junction,62.02573086155443,88.286995,42.33930613593977
HS_89618925abbffff,No Junction,25.660796434814287,36.470924,42.127016478572344
HS_896016911bbffff,No Junction,25.66242468097479,36.470924,42.1179987114766
HS_896189249cbffff,No Junction,25.68958228669932,36.470924,41.96775942255816
HS_8960145b64fffff,No Junction,25.68958228669932,36.470924,41.96775942255816
HS_89601459e27ffff,No Junction,25.729666846738724,36.470924,41.74658612831652
HS_896016900a3ffff,No Junction,25.729666846738724,36.470924,41.74658612831652
HS_8961892eac7ffff,No Junction,25.729666846738724,36.470924,41.74658612831652
HS_8960144a64bffff,No Junction,25.729666846738724,36.470924,41.74658612831652
HS_896016965cbffff,No Junction,25.729666846738724,36.470924,41.74658612831652
HS_89618924d63ffff,No Junction,25.729666846738724,36.470924,41.74658612831652
HS_8961892e3bbffff,No Junction,25.729666846738724,36.470924,41.74658612831652
HS_8960169648fffff,No Junction,25.729666846738724,36.470924,41.74658612831652
HS_8960145a56bffff,No Junction,25.729666846738724,36.470924,41.74658612831652
HS_8961892ddc7ffff,No Junction,25.729666846738724,36.470924,41.74658612831652
HS_8960145b063ffff,No Junction,61.44660577716018,86.99461,41.57757380928761
HS_8961892e2abffff,No Junction,23.006304124983263,32.532673,41.40764507564618
HS_89618925d63ffff,No Junction,23.009808154727345,32.532673,41.38611092850971
HS_8961892ee43ffff,No Junction,25.82726626862143,36.470924,41.21093575339555
HS_89618924ebbffff,No Junction,25.856397756093468,36.470924,41.051838394025545
HS_89618925303ffff,No Junction,25.856397756093468,36.470924,41.051838394025545
HS_8961892ed2fffff,No Junction,57.827253781843154,81.508804,40.95223098227352
HS_89601696d37ffff,No Junction,25.878068282273688,36.470924,40.93372032109428
HS_8960145a633ffff,No Junction,25.89604500001882,36.470924,40.83588585598651
HS_8961892ea6bffff,No Junction,25.89783460390695,36.470924,40.826153750859916
HS_8960145187bffff,No Junction,25.89783460390695,36.470924,40.826153750859916
HS_8960145b343ffff,No Junction,25.89783460390695,36.470924,40.826153750859916
HS_8960145a8dbffff,No Junction,25.89783460390695,36.470924,40.826153750859916
HS_896016961a3ffff,No Junction,25.89783460390695,36.470924,40.826153750859916
HS_89618926277ffff,No Junction,25.89783460390695,36.470924,40.826153750859916
HS_896016900d3ffff,No Junction,25.89783460390695,36.470924,40.826153750859916
HS_89601690153ffff,No Junction,25.89783460390695,36.470924,40.826153750859916
HS_8960145b0abffff,No Junction,23.12342783190781,32.532673,40.691393674723834
HS_89618921977ffff,No Junction,23.12342783190781,32.532673,40.691393674723834
HS_8961892e27bffff,No Junction,23.12342783190781,32.532673,40.691393674723834
HS_8961892194fffff,No Junction,23.12342783190781,32.532673,40.691393674723834
HS_8961892e627ffff,No Junction,23.12342783190781,32.532673,40.691393674723834
HS_8961892e17bffff,No Junction,23.12342783190781,32.532673,40.691393674723834
HS_8961892e66fffff,No Junction,23.12342783190781,32.532673,40.691393674723834
HS_89601458623ffff,No Junction,23.12342783190781,32.532673,40.691393674723834
HS_8960145820bffff,No Junction,23.12342783190781,32.532673,40.691393674723834
HS_8960145b36fffff,No Junction,23.12342783190781,32.532673,40.691393674723834
HS_8960145863bffff,No Junction,23.12342783190781,32.532673,40.691393674723834
HS_8960145b30bffff,No Junction,23.12342783190781,32.532673,40.691393674723834
HS_8960145b31bffff,No Junction,23.12342783190781,32.532673,40.691393674723834
HS_8961892f51bffff,No Junction,23.12342783190781,32.532673,40.691393674723834
HS_8961892f57bffff,No Junction,23.12342783190781,32.532673,40.691393674723834
HS_8961892f4d3ffff,No Junction,23.12342783190781,32.532673,40.691393674723834
HS_89618924347ffff,No Junction,23.12342783190781,32.532673,40.691393674723834
HS_8961892e0cbffff,No Junction,23.12342783190781,32.532673,40.691393674723834
HS_8961892e0afffff,No Junction,23.12342783190781,32.532673,40.691393674723834
HS_89618924333ffff,No Junction,23.12342783190781,32.532673,40.691393674723834
HS_8960145a2cbffff,No Junction,23.12342783190781,32.532673,40.691393674723834
HS_8961892e4abffff,No Junction,23.12342783190781,32.532673,40.691393674723834
HS_8961892e457ffff,No Junction,23.12342783190781,32.532673,40.691393674723834
HS_8961892198bffff,No Junction,25.967005727960142,36.470924,40.4510198808602
HS_89601696013ffff,No Junction,26.01058148246985,36.470924,40.21572105960581
HS_8960169605bffff,No Junction,26.022362430196537,36.470924,40.15224203902518
HS_8960169746fffff,No Junction,26.022362430196537,36.470924,40.15224203902518
HS_8961892cc7bffff,No Junction,26.022362430196537,36.470924,40.15224203902518
HS_8961892cd67ffff,No Junction,26.022362430196537,36.470924,40.15224203902518
HS_8961892418fffff,No Junction,26.063116258083458,36.470924,39.933091715884025
HS_8961892438bffff,No Junction,26.06600236107518,36.470924,39.91759792020919
HS_896189253afffff,No Junction,26.06600236107518,36.470924,39.91759792020919
HS_8961892568fffff,No Junction,26.06600236107518,36.470924,39.91759792020919
HS_8961892c377ffff,No Junction,26.06600236107518,36.470924,39.91759792020919
HS_89618925b1bffff,"BTP102 - BMTC Junction, KH Road",39.43263448040109,55.158924,39.88140744235192
HS_89618924103ffff,No Junction,26.11957883121066,36.470924,39.63059899672569
HS_89618925823ffff,"BTP123 - 10th Cross, Wilson Garden",39.50949698947074,55.158924,39.609279554946056
HS_8961892c9cbffff,No Junction,26.222920000768372,36.470924,39.080332687483896
HS_8960169603bffff,No Junction,26.34620188869527,36.470924,38.42953353018407
HS_8960145a5b3ffff,No Junction,26.38013285175867,36.470924,38.25148107626008
HS_896016900abffff,No Junction,26.38013285175867,36.470924,38.25148107626008
HS_89618924bd3ffff,No Junction,26.41138490982152,36.470924,38.08789089238208
HS_89618924127ffff,No Junction,26.41138490982152,36.470924,38.08789089238208
HS_896189219a7ffff,No Junction,26.41138490982152,36.470924,38.08789089238208
HS_8960169449bffff,No Junction,26.41138490982152,36.470924,38.08789089238208
HS_89601690c27ffff,No Junction,26.41138490982152,36.470924,38.08789089238208
HS_8961892dd57ffff,No Junction,26.563477403375757,36.470924,37.297251499182806
HS_8960169739bffff,No Junction,26.56428052479276,36.470924,37.29310057316499
HS_8961892cddbffff,No Junction,26.56428052479276,36.470924,37.29310057316499
HS_896189246a7ffff,No Junction,26.56428052479276,36.470924,37.29310057316499
HS_8960145a84fffff,No Junction,26.56428052479276,36.470924,37.29310057316499
HS_89618925e67ffff,No Junction,26.56428052479276,36.470924,37.29310057316499
HS_896014591dbffff,No Junction,26.56428052479276,36.470924,37.29310057316499
HS_896014593cfffff,No Junction,26.56428052479276,36.470924,37.29310057316499
HS_89618925383ffff,No Junction,26.56428052479276,36.470924,37.29310057316499
HS_8961892c92fffff,No Junction,26.58400834060467,36.470924,37.19121627619778
HS_89618925bc3ffff,"BTP102 - BMTC Junction, KH Road",49.98875258467099,68.406975,36.844732575818284
HS_8961892ee53ffff,No Junction,26.670133027721043,36.470924,36.74819071780925
HS_89601458267ffff,No Junction,26.677900201973227,36.470924,36.70837697617536
HS_89601459033ffff,No Junction,26.677900201973227,36.470924,36.70837697617536
HS_8960145903bffff,No Junction,26.677900201973227,36.470924,36.70837697617536
HS_8960145910bffff,No Junction,26.677900201973227,36.470924,36.70837697617536
HS_8961892cd07ffff,No Junction,26.677900201973227,36.470924,36.70837697617536
HS_8961892601bffff,No Junction,26.677900201973227,36.470924,36.70837697617536
HS_8961892534bffff,No Junction,26.677900201973227,36.470924,36.70837697617536
HS_89601458133ffff,No Junction,26.677900201973227,36.470924,36.70837697617536
HS_8960145ac53ffff,No Junction,26.677900201973227,36.470924,36.70837697617536
HS_8961892cb5bffff,No Junction,26.677900201973227,36.470924,36.70837697617536
HS_89618920a77ffff,No Junction,26.677900201973227,36.470924,36.70837697617536
HS_8961892e83bffff,No Junction,26.677900201973227,36.470924,36.70837697617536
HS_89618924057ffff,No Junction,26.677900201973227,36.470924,36.70837697617536
HS_8960145ae2fffff,No Junction,26.677900201973227,36.470924,36.70837697617536
HS_89618922817ffff,No Junction,26.677900201973227,36.470924,36.70837697617536
HS_8960145a01bffff,No Junction,26.677900201973227,36.470924,36.70837697617536
HS_8960145ad63ffff,No Junction,26.677900201973227,36.470924,36.70837697617536
HS_8961892e103ffff,No Junction,26.677900201973227,36.470924,36.70837697617536
HS_8961892e91bffff,No Junction,26.677900201973227,36.470924,36.70837697617536
HS_89618925cc7ffff,No Junction,26.677900201973227,36.470924,36.70837697617536
HS_8960145aa43ffff,No Junction,26.677900201973227,36.470924,36.70837697617536
HS_8961892c5a7ffff,No Junction,26.677900201973227,36.470924,36.70837697617536
HS_8961892ca2bffff,No Junction,26.677900201973227,36.470924,36.70837697617536
HS_896189263c3ffff,No Junction,26.677900201973227,36.470924,36.70837697617536
HS_8961892711bffff,No Junction,26.677900201973227,36.470924,36.70837697617536
HS_8961892623bffff,No Junction,26.677900201973227,36.470924,36.70837697617536
HS_8960145166bffff,No Junction,26.677900201973227,36.470924,36.70837697617536
HS_8960145141bffff,No Junction,26.677900201973227,36.470924,36.70837697617536
HS_8961892c933ffff,No Junction,26.677900201973227,36.470924,36.70837697617536
HS_89618924bb3ffff,No Junction,26.677900201973227,36.470924,36.70837697617536
HS_89601459313ffff,No Junction,26.677900201973227,36.470924,36.70837697617536
HS_89618925a9bffff,No Junction,26.677900201973227,36.470924,36.70837697617536
HS_89601451847ffff,No Junction,26.677900201973227,36.470924,36.70837697617536
HS_896014580b7ffff,No Junction,26.677900201973227,36.470924,36.70837697617536
HS_89618924e33ffff,No Junction,26.677900201973227,36.470924,36.70837697617536
HS_896014591cfffff,No Junction,26.677900201973227,36.470924,36.70837697617536
HS_8961892cc67ffff,No Junction,26.677900201973227,36.470924,36.70837697617536
HS_89601458583ffff,No Junction,26.677900201973227,36.470924,36.70837697617536
HS_89618925593ffff,No Junction,26.677900201973227,36.470924,36.70837697617536
HS_8960145842fffff,No Junction,26.677900201973227,36.470924,36.70837697617536
HS_8960145aab7ffff,No Junction,26.677900201973227,36.470924,36.70837697617536
HS_89618926293ffff,No Junction,26.677900201973227,36.470924,36.70837697617536
HS_8960145a1dbffff,No Junction,26.677900201973227,36.470924,36.70837697617536
HS_8960145a49bffff,No Junction,26.677900201973227,36.470924,36.70837697617536
HS_8961892ec67ffff,No Junction,26.677900201973227,36.470924,36.70837697617536
HS_89601459c07ffff,No Junction,26.677900201973227,36.470924,36.70837697617536
HS_8960145b657ffff,No Junction,26.677900201973227,36.470924,36.70837697617536
HS_89601690037ffff,No Junction,26.677900201973227,36.470924,36.70837697617536
HS_8960145b24bffff,No Junction,26.677900201973227,36.470924,36.70837697617536
HS_8961892445bffff,No Junction,26.677900201973227,36.470924,36.70837697617536
HS_89601459413ffff,No Junction,26.677900201973227,36.470924,36.70837697617536
HS_8961892e49bffff,No Junction,26.677900201973227,36.470924,36.70837697617536
HS_89601459c4fffff,No Junction,26.677900201973227,36.470924,36.70837697617536
HS_89601692b07ffff,No Junction,26.677900201973227,36.470924,36.70837697617536
HS_89601692303ffff,No Junction,26.677900201973227,36.470924,36.70837697617536
HS_8961892e5dbffff,No Junction,26.677900201973227,36.470924,36.70837697617536
HS_89601696267ffff,No Junction,26.677900201973227,36.470924,36.70837697617536
HS_8960169106fffff,No Junction,26.677900201973227,36.470924,36.70837697617536
HS_8960145a473ffff,No Junction,26.677900201973227,36.470924,36.70837697617536
HS_896016913d3ffff,No Junction,26.677900201973227,36.470924,36.70837697617536
HS_896189209bbffff,No Junction,26.677900201973227,36.470924,36.70837697617536
HS_89601696527ffff,No Junction,26.677900201973227,36.470924,36.70837697617536
HS_896016965bbffff,No Junction,26.677900201973227,36.470924,36.70837697617536
HS_89601696027ffff,No Junction,26.691263555596905,36.470924,36.63993201923106
HS_8960145968fffff,No Junction,26.737903273320818,36.470924,36.40158693307951
HS_896189254d7ffff,No Junction,26.737903273320818,36.470924,36.40158693307951
HS_89618925e9bffff,No Junction,26.737903273320818,36.470924,36.40158693307951
HS_89618924cafffff,No Junction,26.737903273320818,36.470924,36.40158693307951
HS_8960145965bffff,No Junction,26.737903273320818,36.470924,36.40158693307951
HS_8961892e107ffff,No Junction,26.737903273320818,36.470924,36.40158693307951
HS_89601459177ffff,No Junction,26.737903273320818,36.470924,36.40158693307951
HS_8961892565bffff,No Junction,26.737903273320818,36.470924,36.40158693307951
HS_8961892ea17ffff,No Junction,26.737903273320818,36.470924,36.40158693307951
HS_8961892c9c3ffff,No Junction,26.756631771387816,36.470924,36.30611165506102
HS_8961892498bffff,No Junction,26.756631771387816,36.470924,36.30611165506102
HS_89618924957ffff,No Junction,26.756631771387816,36.470924,36.30611165506102
HS_89618925a93ffff,No Junction,26.76026965470139,36.470924,36.28758173232383
HS_8961892ead3ffff,No Junction,26.786189573310654,36.470924,36.15570171944304
HS_8961892e197ffff,No Junction,26.786189573310654,36.470924,36.15570171944304
HS_8961892eccfffff,No Junction,26.78794983943013,36.470924,36.14675477612909
HS_89618924c83ffff,No Junction,26.78794983943013,36.470924,36.14675477612909
HS_8961892e287ffff,No Junction,48.00606773032006,65.35704,36.14329082820234
HS_896016964b7ffff,No Junction,64.03074463628695,87.12938,36.074287074718356
HS_8960145a627ffff,No Junction,26.843315709719235,36.470924,35.865944326081426
HS_8961892cc0bffff,No Junction,26.863465255955603,36.470924,35.764035019107745
HS_8960145a6c7ffff,BTP215 - Vanivillas Junction,55.629318867622736,75.47699,35.67843590841216
HS_8960145a243ffff,"BTP070 - Cholurpalya Junction, Magadi Road",28.884525802693663,39.16382,35.58754132540659
HS_8960145a247ffff,"BTP070 - Cholurpalya Junction, Magadi Road",28.884525802693663,39.16382,35.58754132540659
HS_8961892ec83ffff,No Junction,26.91044602524016,36.470924,35.527015580619405
HS_89601458edbffff,No Junction,26.914490970093865,36.470924,35.50664739662439
HS_896189273b7ffff,No Junction,26.929255202170964,36.470924,35.43235452906703
HS_89601458033ffff,No Junction,26.93667857444668,36.470924,35.39503126431976
HS_8960145b67bffff,No Junction,26.94634170199838,36.470924,35.34647775485111
HS_8961892717bffff,No Junction,26.95410184741015,36.470924,35.307511205184774
HS_89601459457ffff,No Junction,26.959667466605968,36.470924,35.27957799411551
HS_896014588afffff,No Junction,26.983691431915712,36.470924,35.159136656537676
HS_8961892424bffff,No Junction,27.03566695631429,36.470924,34.899295942552925
HS_8961892ec8fffff,No Junction,27.067178164666934,36.470924,34.74224817809037
HS_8961892ccb7ffff,No Junction,27.09040267578075,36.470924,34.62673410184113
HS_89618925c4bffff,No Junction,27.120663972947877,36.470924,34.476517292571295
HS_89618924823ffff,No Junction,47.03213711452431,63.207535,34.39222341975933
HS_89618925ccbffff,No Junction,27.205682992907953,36.470924,34.05627194490482
HS_89618920e47ffff,No Junction,27.24545908323558,36.470924,33.860561005860795
HS_8961892c957ffff,No Junction,27.266314381467637,36.470924,33.758174526990544
HS_89601459253ffff,No Junction,27.266314381467637,36.470924,33.758174526990544
HS_89618925e07ffff,No Junction,27.266314381467645,36.470924,33.758174526990516
HS_89618924b4bffff,No Junction,27.277655873867975,36.470924,33.702560608884994
HS_8961892467bffff,No Junction,27.29677218056442,36.470924,33.60892685842568
HS_8960144a2dbffff,No Junction,27.30000300233787,36.470924,33.59311489569497
HS_8961892c527ffff,No Junction,27.31177303174726,36.470924,33.53554284098483
HS_89618927267ffff,No Junction,27.336419424489776,36.470924,33.41514779645331
HS_89601451263ffff,No Junction,27.336419424489776,36.470924,33.41514779645331
HS_8961892ce3bffff,No Junction,27.336822818808827,36.470924,33.41317906317903
HS_89601690d53ffff,No Junction,27.452197261277146,36.470924,32.852478183542985
HS_896016964a3ffff,No Junction,27.452197261277146,36.470924,32.852478183542985
HS_8961892446fffff,No Junction,44.792061870428086,59.462048,32.75130702603668
HS_89601458ecbffff,No Junction,27.478434394510018,36.470924,32.72562713663199
HS_8960169659bffff,No Junction,27.478434394510018,36.470924,32.72562713663199
HS_8960145946bffff,No Junction,26.11045641503409,34.65406,32.721005764633574
HS_89618926343ffff,No Junction,27.51278342077681,36.470924,32.55992249006577
HS_8960145a1a7ffff,No Junction,27.5567240637842,36.470924,32.34854873541552
HS_89601458467ffff,No Junction,27.562001806125046,36.470924,32.32320581786098
HS_89601459ad3ffff,No Junction,27.630622235812393,36.470924,31.994582192835992
HS_8960145ad53ffff,No Junction,27.653526323484144,36.470924,31.88525742002488
HS_8960145826bffff,No Junction,27.65686578668216,36.470924,31.869332768008558
HS_8961892721bffff,No Junction,27.65686578668216,36.470924,31.869332768008558
HS_8961892c1abffff,No Junction,27.659592059955052,36.470924,31.856335040614013
HS_8961892eb8bffff,No Junction,27.683600133973435,36.470924,31.741985149843742
HS_896189246cfffff,No Junction,27.689147417063843,36.470924,31.71559177356853
HS_8961892549bffff,No Junction,27.743549725013576,36.470924,31.457310758468775
HS_8961892e647ffff,No Junction,24.787044339760055,32.532673,31.248697650875318
HS_89618925d73ffff,No Junction,24.787044339760055,32.532673,31.248697650875318
HS_8961892e14bffff,No Junction,24.787044339760055,32.532673,31.248697650875318
HS_89618925d6bffff,No Junction,24.787044339760055,32.532673,31.248697650875318
HS_8961892416bffff,No Junction,24.787044339760055,32.532673,31.248697650875318
HS_8960144b5b3ffff,No Junction,27.805943518905035,36.470924,31.162333522849607
HS_896014581b7ffff,No Junction,27.805943518905035,36.470924,31.162333522849607
HS_89618920e97ffff,No Junction,27.805943518905035,36.470924,31.162333522849607
HS_8961892ea73ffff,No Junction,27.81104951305854,36.470924,31.138252658594084
HS_8960145b043ffff,No Junction,27.81121453800724,36.470924,31.137474516259168
HS_89601458477ffff,No Junction,27.81121453800724,36.470924,31.137474516259168
HS_89618924243ffff,No Junction,27.81121453800724,36.470924,31.137474516259168
HS_896189246bbffff,No Junction,27.81121453800724,36.470924,31.137474516259168
HS_8961892ce07ffff,No Junction,27.81121453800724,36.470924,31.137474516259168
HS_8960169047bffff,No Junction,27.81121453800724,36.470924,31.137474516259168
HS_8961892403bffff,No Junction,27.81121453800724,36.470924,31.137474516259168
HS_8961892eec3ffff,No Junction,27.81121453800724,36.470924,31.137474516259168
HS_8961892628fffff,No Junction,27.81121453800724,36.470924,31.137474516259168
HS_8960145962bffff,No Junction,27.81121453800724,36.470924,31.137474516259168
HS_8961892405bffff,No Junction,27.835297178854308,36.470924,31.024016532316175
HS_8961892620fffff,No Junction,27.835297178854308,36.470924,31.024016532316175
HS_8961892e9c7ffff,No Junction,27.835297178854308,36.470924,31.024016532316175
HS_89618926267ffff,No Junction,27.835297178854308,36.470924,31.024016532316175
HS_896189243c3ffff,No Junction,27.835297178854308,36.470924,31.024016532316175
HS_896189246a3ffff,No Junction,27.836912589741026,36.470924,31.01641304460735
HS_89601696423ffff,No Junction,27.870205456336137,36.470924,30.859904978382364
HS_89618935b4fffff,No Junction,27.870205456336137,36.470924,30.859904978382364
HS_8961892e5b7ffff,No Junction,27.870205456336137,36.470924,30.859904978382364
HS_8961892ecd7ffff,No Junction,27.875596271327023,36.470924,30.834598199987497
HS_8960145a447ffff,No Junction,27.875596271327023,36.470924,30.834598199987497
HS_8961892eba7ffff,No Junction,27.89894180073657,36.470924,30.725117238957516
HS_8961892482bffff,No Junction,27.96582824605552,36.470924,30.412459293371725
HS_8961892f50bffff,No Junction,24.949051165510117,32.532673,30.396433380415104
HS_8960145a207ffff,No Junction,24.949051165510117,32.532673,30.396433380415104
HS_8960145b347ffff,No Junction,24.949051165510117,32.532673,30.396433380415104
HS_89601459e6bffff,No Junction,27.986501593703117,36.470924,30.316124919476394
HS_896014585a3ffff,No Junction,27.99047563894925,36.470924,30.29762283385946
HS_8961892e9a7ffff,BTP051 - Safina Plaza Junction,39.36122268426664,51.283882,30.29036865161287
HS_89618925b87ffff,No Junction,36.55028468572227,47.590668,30.206011071645193
HS_89618920cbbffff,No Junction,28.011772108579073,36.470924,30.198561647842254
HS_8961892c3cfffff,No Junction,28.01509002685323,36.470924,30.183141808514723
HS_8960145b2b7ffff,No Junction,28.0523636619331,36.470924,30.010165335665622
HS_8961892c973ffff,No Junction,28.056606636725252,36.470924,29.990504018052082
HS_8960145b233ffff,No Junction,28.056606636725252,36.470924,29.990504018052082
HS_89618925867ffff,"BTP123 - 10th Cross, Wilson Garden",52.662773364490256,68.406975,29.896263379486772
HS_89601692a4bffff,No Junction,28.099315093449007,36.470924,29.792930027480036
HS_8961892cdc3ffff,No Junction,28.099315093449007,36.470924,29.792930027480036
HS_896189258d3ffff,No Junction,28.099315093449007,36.470924,29.792930027480036
HS_8961892cd53ffff,No Junction,28.099315093449007,36.470924,29.792930027480036
HS_8961892466fffff,No Junction,28.099315093449007,36.470924,29.792930027480036
HS_8960145a48bffff,No Junction,28.099315093449007,36.470924,29.792930027480036
HS_8960145a853ffff,No Junction,28.099315093449007,36.470924,29.792930027480036
HS_8960145a89bffff,No Junction,28.169901764839945,36.470924,29.4677016693126
HS_8961892eccbffff,No Junction,28.1874693836999,36.470924,29.387011941311837
HS_8961892c9bbffff,No Junction,28.18862109485423,36.470924,29.3817255364048
HS_8961892c9a7ffff,No Junction,28.18862109485423,36.470924,29.3817255364048
HS_8961892eb0fffff,No Junction,28.192716005595187,36.470924,29.36293321368295
HS_89618924063ffff,No Junction,28.192716005595187,36.470924,29.36293321368295
HS_8961892eb6bffff,No Junction,28.194352961405773,36.470924,29.35542243996566
HS_8960145808bffff,No Junction,28.22296400908588,36.470924,29.22428829835251
HS_89618924953ffff,No Junction,28.23761700212348,36.470924,29.157231556397907
HS_89618924b43ffff,No Junction,28.23761700212348,36.470924,29.157231556397907
HS_89618924ecfffff,No Junction,28.23761700212348,36.470924,29.157231556397907
HS_8961892587bffff,BTP134 - Mico Bande,42.72265253656301,55.158924,29.10931514745474
HS_89618924e8fffff,No Junction,28.28052165517514,36.470924,28.9612858706497
HS_89601459ccbffff,No Junction,28.282970747654552,36.470924,28.950118793535378
HS_89618925ed7ffff,No Junction,28.282970747654556,36.470924,28.950118793535363
HS_8960145a697ffff,No Junction,28.282970747654556,36.470924,28.950118793535363
HS_896189262dbffff,No Junction,28.282970747654556,36.470924,28.950118793535363
HS_89601451207ffff,No Junction,28.30910863083994,36.470924,28.831058769932387
HS_8960145a4cbffff,No Junction,28.311020099305573,36.470924,28.82236051372795
HS_8961892ec9bffff,No Junction,56.39203896837266,72.64011,28.812696845226515
HS_8961892e613ffff,No Junction,25.25611125394707,32.532673,28.811092709277702
HS_8960145b037ffff,No Junction,25.25611125394707,32.532673,28.811092709277702
HS_896189209b7ffff,No Junction,28.34151670982547,36.470924,28.68374247874188
HS_8960169652bffff,No Junction,28.34151670982547,36.470924,28.68374247874188
HS_8960145164fffff,No Junction,28.34151670982547,36.470924,28.68374247874188
HS_89618920b47ffff,No Junction,28.34151670982547,36.470924,28.68374247874188
HS_89618935b4bffff,No Junction,28.34151670982547,36.470924,28.68374247874188
HS_8960145ae23ffff,No Junction,28.34151670982547,36.470924,28.68374247874188
HS_8960145a42bffff,No Junction,28.34151670982547,36.470924,28.68374247874188
HS_896189272b7ffff,No Junction,28.34151670982547,36.470924,28.68374247874188
HS_89601459b8fffff,No Junction,28.352892429622585,36.470924,28.63211211332093
HS_8960145b683ffff,No Junction,28.372860448415366,36.470924,28.54158446149309
HS_8960145a4cfffff,No Junction,28.372860448415366,36.470924,28.54158446149309
HS_8960145a6b7ffff,No Junction,28.372860448415366,36.470924,28.54158446149309
HS_8961892c92bffff,No Junction,28.372860448415366,36.470924,28.54158446149309
HS_8961892484fffff,No Junction,28.378922364864316,36.470924,28.514127169943997
HS_8961892c557ffff,No Junction,28.39041543573605,36.470924,28.46210179627779
HS_8961892e29bffff,No Junction,25.331811865137176,32.532673,28.42615859962652
HS_8961892cdabffff,No Junction,28.403137433139335,36.470924,28.404562570925663
HS_8961892db27ffff,No Junction,28.41120552325477,36.470924,28.36809880379663
HS_89618926077ffff,No Junction,28.45898513553175,36.470924,28.152582405008353
HS_89618925e63ffff,No Junction,28.45898513553175,36.470924,28.152582405008353
HS_896189262abffff,No Junction,28.46545044629974,36.470924,28.123475320525998
HS_8961892449bffff,No Junction,28.4666264018601,36.470924,28.118182543254512
HS_8960145854fffff,No Junction,28.4666264018601,36.470924,28.118182543254512
HS_896189243d7ffff,No Junction,28.4666264018601,36.470924,28.118182543254512
HS_896189246afffff,No Junction,28.4666264018601,36.470924,28.118182543254512
HS_8961892c50bffff,No Junction,28.4666264018601,36.470924,28.118182543254512
HS_89618925353ffff,No Junction,28.473698026513688,36.470924,28.086363574836636
HS_89601690463ffff,No Junction,28.48871896406654,36.470924,28.018828868518103
HS_8961892ccc3ffff,No Junction,28.52148436202932,36.470924,27.871761211682184
HS_89601459c93ffff,No Junction,28.52675538113152,36.470924,27.848133761347448
HS_8961892ed0bffff,No Junction,28.52675538113152,36.470924,27.848133761347448
HS_8961892722fffff,No Junction,28.52675538113152,36.470924,27.848133761347448
HS_8961892ddafffff,No Junction,28.52675538113152,36.470924,27.848133761347448
HS_89618920bc7ffff,No Junction,28.52675538113152,36.470924,27.848133761347448
HS_896016965abffff,No Junction,28.52675538113152,36.470924,27.848133761347448
HS_8960145120fffff,No Junction,28.52675538113152,36.470924,27.848133761347448
HS_896189262cbffff,No Junction,28.52675538113152,36.470924,27.848133761347448
HS_89601459127ffff,No Junction,28.535200559846142,36.470924,27.81029627232468
HS_89618925c53ffff,No Junction,28.55709980197651,36.470924,27.712283916580216
HS_8960145a47bffff,No Junction,28.55709980197651,36.470924,27.712283916580216
HS_8961892ecb7ffff,No Junction,28.55709980197651,36.470924,27.712283916580216
HS_896016900afffff,No Junction,28.55709980197651,36.470924,27.712283916580216
HS_896016960cfffff,No Junction,28.557455980824127,36.470924,27.710691043106383
HS_89618925643ffff,No Junction,28.591137114451303,36.470924,27.560244391284765
HS_8961892ec2fffff,No Junction,28.594503623404805,36.470924,27.54522637556714
HS_8960145a463ffff,No Junction,28.59883827872401,36.470924,27.5258946604618
HS_8960145a857ffff,No Junction,28.613642850233006,36.470924,27.459913329925474
HS_8960145b11bffff,"BTP210 - 50th cross, 12th Main , Rajajinagar",78.5235211880294,100.0,27.350376660445274
HS_8961892e877ffff,No Junction,28.665684384611055,36.470924,27.22851437316645
HS_8960145908fffff,No Junction,28.716391050515178,36.470924,27.003857529608027
HS_8960145809bffff,No Junction,28.71645339327357,36.470924,27.00358180716081
HS_8961892734fffff,No Junction,28.74133915553765,36.470924,26.89361542993547
HS_8961892594fffff,BTP185 - RV Teachers College,43.47900921694887,55.158924,26.863341865852142
HS_8960169746bffff,No Junction,28.76790450505738,36.470924,26.77643716117675
HS_89601459423ffff,No Junction,28.776793848960725,36.470924,26.737275072631327
HS_8961892dd87ffff,No Junction,28.77780172355483,36.470924,26.732836398652722
HS_89618925c8bffff,BTP137 - Madiwala Traffic PS Junction,52.91089397781859,67.046135,26.715180765680664
HS_89618925573ffff,No Junction,28.800660123763937,36.470924,26.63225155505585
HS_8960169008bffff,No Junction,28.800660123763937,36.470924,26.63225155505585
HS_8960145ad57ffff,No Junction,28.81058362401248,36.470924,26.588634417819762
HS_896016901cbffff,No Junction,28.81058362401248,36.470924,26.588634417819762
HS_89601696277ffff,No Junction,28.81058362401248,36.470924,26.588634417819762
HS_8960169622bffff,No Junction,28.81058362401248,36.470924,26.588634417819762
HS_89601696183ffff,No Junction,28.81058362401248,36.470924,26.588634417819762
HS_896189229d7ffff,No Junction,28.81058362401248,36.470924,26.588634417819762
HS_8960169740fffff,No Junction,28.81058362401248,36.470924,26.588634417819762
HS_8961892600fffff,No Junction,28.81058362401248,36.470924,26.588634417819762
HS_8961892426fffff,No Junction,28.81058362401248,36.470924,26.588634417819762
HS_8961892cacbffff,No Junction,28.81058362401248,36.470924,26.588634417819762
HS_89601458ec3ffff,No Junction,28.81058362401248,36.470924,26.588634417819762
HS_89618924c33ffff,No Junction,28.81058362401248,36.470924,26.588634417819762
HS_8960145957bffff,No Junction,28.81058362401248,36.470924,26.588634417819762
HS_89618924697ffff,No Junction,28.81058362401248,36.470924,26.588634417819762
HS_8961892eab7ffff,No Junction,28.81058362401248,36.470924,26.588634417819762
HS_89601459cdbffff,No Junction,28.81058362401248,36.470924,26.588634417819762
HS_8961892ca37ffff,No Junction,28.81058362401248,36.470924,26.588634417819762
HS_8961892c1b7ffff,No Junction,28.81058362401248,36.470924,26.588634417819762
HS_896189263bbffff,No Junction,28.81058362401248,36.470924,26.588634417819762
HS_8960145aa9bffff,No Junction,28.81058362401248,36.470924,26.588634417819762
HS_89618924803ffff,No Junction,28.81058362401248,36.470924,26.588634417819762
HS_89601459e97ffff,No Junction,28.824191459041632,36.470924,26.52887221230669
HS_89618921907ffff,No Junction,25.729666846738724,32.532673,26.440319168779467
HS_8960145b32bffff,BTP023 - Mahalaxmi Layout Entrance,79.27665471277248,100.0,26.14053956024045
HS_8961892e95bffff,No Junction,28.921245228987484,36.470924,26.104267256400675
HS_8961892cb2bffff,No Junction,28.934418345517525,36.470924,26.046855139534625
HS_8961892ec93ffff,No Junction,28.95692041407814,36.470924,25.948905670611786
HS_8961892e663ffff,No Junction,25.85338605077968,32.532673,25.835249658135073
HS_8961892eab3ffff,No Junction,28.98508100476865,36.470924,25.826539423647567
HS_89618925b8bffff,BTP121 - KH Circle,54.38023109728212,68.406975,25.793828772271244
HS_89618921983ffff,No Junction,28.998511590778836,36.470924,25.76826318575159
HS_8961892f42bffff,No Junction,25.89783460390695,32.532673,25.619278135215968
HS_8961892e263ffff,No Junction,25.89783460390695,32.532673,25.619278135215968
HS_89601458643ffff,No Junction,25.89783460390695,32.532673,25.619278135215968
HS_89618925267ffff,No Junction,29.040525720311024,36.470924,25.586309038246995
HS_89601458627ffff,No Junction,41.40733201403851,51.99677,25.573820920863298
HS_8961892c947ffff,No Junction,29.054610294080874,36.470924,25.52542955591256
HS_896189256abffff,No Junction,29.09724021115311,36.470924,25.341524188475884
HS_8961892410bffff,No Junction,29.10741729973949,36.470924,25.297699901969033
HS_896189272a7ffff,No Junction,29.11637485395496,36.470924,25.259152488509258
HS_89601458103ffff,No Junction,29.148107317979584,36.470924,25.12278749208821
HS_8961892ed7bffff,No Junction,29.18681361409558,36.470924,24.9568550361661
HS_8960145a86fffff,No Junction,29.18681361409558,36.470924,24.9568550361661
HS_8960145ae3bffff,No Junction,29.19352401747257,36.470924,24.92813253930307
HS_89618924e0bffff,No Junction,29.19817955463647,36.470924,24.90821323019802
HS_896189266c7ffff,No Junction,29.19817955463647,36.470924,24.90821323019802
HS_8960145b66bffff,No Junction,29.19853160786036,36.470924,24.90670718394376
HS_8961892c387ffff,No Junction,29.20890617630202,36.470924,24.86234218188992
HS_8961892e42fffff,No Junction,26.06600236107518,32.532673,24.808831179504875
HS_89618926bc7ffff,No Junction,29.2517943268588,36.470924,24.679272559885497
HS_89618926bcfffff,No Junction,29.26412169052675,36.470924,24.626752045142055
HS_89601459d93ffff,No Junction,29.267286502320715,36.470924,24.61327555784677
HS_896014591d7ffff,No Junction,29.267286502320715,36.470924,24.61327555784677
HS_896016962abffff,No Junction,29.268692881605755,36.470924,24.607287810799285
HS_8960145a5d7ffff,No Junction,29.284139216804142,36.470924,24.541561926851056
HS_8960169658fffff,No Junction,29.284139216804142,36.470924,24.541561926851056
HS_89618926b53ffff,No Junction,29.284964341547653,36.470924,24.538052879575368
HS_89601458123ffff,No Junction,29.28994534458261,36.470924,24.516874129937467
HS_89618926b4bffff,No Junction,29.30121868779116,36.470924,24.46896754037614
HS_8961892460fffff,No Junction,29.302416646678022,36.470924,24.463878925754297
HS_89618924d57ffff,No Junction,29.306677957575584,36.470924,24.445781368453982
HS_8961892e253ffff,No Junction,26.159116771574308,32.532673,24.364569209888494
HS_8961892ea0bffff,No Junction,29.33039287616322,36.470924,24.34516145564927
HS_8961892ea37ffff,No Junction,29.424191890161666,36.470924,23.948771519655228
HS_8961892ee83ffff,No Junction,29.42714222081213,36.470924,23.93634456168025
HS_8961892eecfffff,No Junction,29.432529650675864,36.470924,23.913658833616154
HS_89618927383ffff,No Junction,29.43282669558352,36.470924,23.912408259835864
HS_8960169608bffff,No Junction,29.45577249789509,36.470924,23.815881522196094
HS_89618920e6fffff,No Junction,29.457333817270857,36.470924,23.809318941344497
HS_89601459873ffff,No Junction,29.457333817270857,36.470924,23.809318941344497
HS_8961892eacfffff,No Junction,29.457333817270857,36.470924,23.809318941344497
HS_8961892cd77ffff,No Junction,29.457333817270857,36.470924,23.809318941344497
HS_8961892cc4bffff,No Junction,29.475538819528357,36.470924,23.73285048576759
HS_89601459147ffff,No Junction,29.475538819528357,36.470924,23.73285048576759
HS_8961892e2bbffff,No Junction,80.85439315835023,100.0,23.67911760113495
HS_8960145a10bffff,No Junction,29.4969810611962,36.470924,23.642905359625274
HS_8961892409bffff,No Junction,29.4969810611962,36.470924,23.642905359625274
HS_8961892c38fffff,No Junction,29.4969810611962,36.470924,23.642905359625274
HS_89618925837ffff,No Junction,44.65159622612915,55.16684,23.549535206373946
HS_89618925443ffff,No Junction,29.52147809802556,36.470924,23.54030599802736
HS_89601451613ffff,No Junction,29.52147809802556,36.470924,23.54030599802736
HS_89618920807ffff,No Junction,29.553415926430787,36.470924,23.40679828088508
HS_896189243d3ffff,No Junction,29.5609483985337,36.470924,23.37535279906804
HS_89618924053ffff,No Junction,66.89475370565847,82.5069,23.33836721440411
HS_89618924673ffff,No Junction,29.57287175667908,36.470924,23.32560962465334
HS_8960145906fffff,No Junction,29.60006664581794,36.470924,23.212304937814114
HS_89618924923ffff,No Junction,29.60006664581794,36.470924,23.212304937814114
HS_8960145b68bffff,No Junction,29.60006664581794,36.470924,23.212304937814114
HS_89601696613ffff,No Junction,29.60006664581794,36.470924,23.212304937814114
HS_89601696da7ffff,No Junction,29.60006664581794,36.470924,23.212304937814114
HS_8960169044fffff,No Junction,29.60006664581794,36.470924,23.212304937814114
HS_8961892c993ffff,No Junction,29.60006664581794,36.470924,23.212304937814114
HS_8960145948fffff,No Junction,29.60006664581794,36.470924,23.212304937814114
HS_8961892e863ffff,No Junction,29.61151754364723,36.470924,23.164658223555897
HS_89601458553ffff,No Junction,29.63738062032972,36.470924,23.05717851605357
HS_8961892730bffff,No Junction,29.64738113222099,36.470924,23.015669460951276
HS_89618926213ffff,No Junction,29.657008504367138,36.470924,22.97573564127645
HS_89618924b87ffff,No Junction,29.66693842225256,36.470924,22.934574031020727
HS_8961892cc6bffff,No Junction,29.672999260107076,36.470924,22.90946411498613
HS_896189242dbffff,No Junction,29.6860030822521,36.470924,22.8556241687036
HS_89618924413ffff,No Junction,29.68728416481683,36.470924,22.85032263296096
HS_896016961b7ffff,No Junction,29.68728416481683,36.470924,22.85032263296096
HS_89618925e77ffff,No Junction,29.69241700977297,36.470924,22.829085841807206
HS_8961892662bffff,No Junction,29.695226143273935,36.470924,22.81746635461198
HS_8961892e4afffff,No Junction,26.49695034572286,32.532673,22.778932887012438
HS_896014512a3ffff,No Junction,29.714052433903117,36.470924,22.739651410956114
HS_8961892eb8fffff,No Junction,29.734624321767456,36.470924,22.65473403254869
HS_8961892ecc7ffff,No Junction,29.735746491418613,36.470924,22.65010527973961
HS_89618920a27ffff,No Junction,29.75556015354221,36.470924,22.568434905097142
HS_89618925b93ffff,BTP122 - Siddapura Junction,45.05715486986532,55.158924,22.419900373412275
HS_8960145a843ffff,No Junction,29.80062421638977,36.470924,22.383088732024273
HS_8960145b047ffff,No Junction,29.80255959231593,36.470924,22.375141183661277
HS_89618924c53ffff,No Junction,29.814087960190573,36.470924,22.327821753727335
HS_89618920abbffff,No Junction,29.828589527557657,36.470924,22.26835044864295
HS_8961892e243ffff,No Junction,26.616232212254292,32.532673,22.22869346286292
HS_8960145a3dbffff,No Junction,27.86235026877798,34.01901,22.096694314390493
HS_89618934a1bffff,No Junction,29.888834635496668,36.470924,22.02190156362837
HS_896189251b3ffff,No Junction,29.904414324188966,36.470924,21.958330238693044
HS_8961892e453ffff,No Junction,26.677900201973227,32.532673,21.9461525674116
HS_8961892f533ffff,No Junction,26.677900201973227,32.532673,21.9461525674116
HS_8961892e297ffff,No Junction,26.677900201973227,32.532673,21.9461525674116
HS_8960145b3c3ffff,No Junction,26.677900201973227,32.532673,21.9461525674116
HS_8960145b387ffff,No Junction,26.677900201973227,32.532673,21.9461525674116
HS_8961892e417ffff,No Junction,26.677900201973227,32.532673,21.9461525674116
HS_8961892e62fffff,No Junction,26.677900201973227,32.532673,21.9461525674116
HS_8961892f60bffff,No Junction,26.677900201973227,32.532673,21.9461525674116
HS_8961892e03bffff,No Junction,26.677900201973227,32.532673,21.9461525674116
HS_89618924edbffff,No Junction,26.677900201973227,32.532673,21.9461525674116
HS_89601458243ffff,No Junction,26.677900201973227,32.532673,21.9461525674116
HS_89618925dc7ffff,No Junction,26.677900201973227,32.532673,21.9461525674116
HS_896014582c7ffff,No Junction,26.677900201973227,32.532673,21.9461525674116
HS_8961892a947ffff,No Junction,26.677900201973227,32.532673,21.9461525674116
HS_8961892dd83ffff,No Junction,29.923365189207036,36.470924,21.881092406665505
HS_8961892e327ffff,No Junction,29.965857279886936,36.470924,21.708262963398237
HS_8960169102bffff,No Junction,29.965857279886936,36.470924,21.708262963398237
HS_89618920b43ffff,No Junction,29.965857279886936,36.470924,21.708262963398237
HS_89601458657ffff,No Junction,26.737903273320818,32.532673,21.67249073169213
HS_8961892626bffff,No Junction,29.9769856659955,36.470924,21.663081084274356
HS_8961892ecafffff,No Junction,29.980065316766556,36.470924,21.650583453014672
HS_896014582cbffff,No Junction,26.756631771387816,32.532673,21.587325191165753
HS_89601451d6bffff,No Junction,29.99747422644746,36.470924,21.579984041745057
HS_8960145b147ffff,"BTP011 - RR Kalyana Mantapa, Dr. Rajkumar Road",82.2655423110659,100.0,21.557577073856546
HS_8961892c553ffff,No Junction,30.00746557028602,36.470924,21.539502534847966
HS_8960145a603ffff,No Junction,30.02221880069986,36.470924,21.47977675984167
HS_89618927343ffff,No Junction,30.023483258529023,36.470924,21.474660562847266
HS_89618924833ffff,No Junction,30.02958624785409,36.470924,21.449972958077677
HS_8961892cccbffff,No Junction,30.08415816477888,36.470924,21.229665718683304
HS_89618924273ffff,No Junction,30.11232750038121,36.470924,21.11625837285311
HS_8961892490bffff,No Junction,30.121750848092915,36.470924,21.078368124641976
HS_896189240b7ffff,No Junction,30.12218431362484,36.470924,21.07662577758317
HS_89618924e83ffff,No Junction,30.124083200701225,36.470924,21.06899365021154
HS_8961892c14bffff,No Junction,30.144373934949247,36.470924,20.987499876907997
HS_8960145a027ffff,No Junction,30.164976382989263,36.470924,20.90486634031716
HS_8961892c597ffff,No Junction,30.190613558853087,36.470924,20.80219670377213
HS_89618927207ffff,No Junction,30.191006318230997,36.470924,20.80062516968256
HS_89601458663ffff,No Junction,26.93667857444668,32.532673,20.77462628574409
HS_8961892cdb7ffff,No Junction,30.231690468917353,36.470924,20.63805831479688
HS_8961892cecfffff,No Junction,30.828155828563315,37.19009,20.636765904061964
HS_8960145a077ffff,No Junction,30.23237257203865,36.470924,20.63533647760307
HS_89601690dcbffff,No Junction,30.23237257203865,36.470924,20.63533647760307
HS_89618921dd3ffff,No Junction,30.23237257203865,36.470924,20.63533647760307
HS_8961892289bffff,No Junction,30.23237257203865,36.470924,20.63533647760307
HS_89618921dcfffff,No Junction,30.23237257203865,36.470924,20.63533647760307
HS_8960145808fffff,No Junction,30.23237257203865,36.470924,20.63533647760307
HS_89618920c57ffff,No Junction,30.23237257203865,36.470924,20.63533647760307
HS_8961892012fffff,No Junction,30.23237257203865,36.470924,20.63533647760307
HS_89601692203ffff,No Junction,30.23237257203865,36.470924,20.63533647760307
HS_89618934a7bffff,No Junction,30.23237257203865,36.470924,20.63533647760307
HS_89618921dabffff,No Junction,30.23237257203865,36.470924,20.63533647760307
HS_8961892daa3ffff,No Junction,30.23237257203865,36.470924,20.63533647760307
HS_8961892c087ffff,No Junction,30.23237257203865,36.470924,20.63533647760307
HS_8960145b2b3ffff,No Junction,30.23237257203865,36.470924,20.63533647760307
HS_896189209b3ffff,No Junction,30.23237257203865,36.470924,20.63533647760307
HS_8961892cb73ffff,No Junction,30.23237257203865,36.470924,20.63533647760307
HS_89618920ed3ffff,No Junction,30.23237257203865,36.470924,20.63533647760307
HS_8961892c8a3ffff,No Junction,30.23237257203865,36.470924,20.63533647760307
HS_8960145b27bffff,No Junction,30.23237257203865,36.470924,20.63533647760307
HS_8960145944fffff,No Junction,30.23237257203865,36.470924,20.63533647760307
HS_896014594a7ffff,No Junction,30.24719975807765,36.470924,20.576201000893263
HS_896014590d3ffff,No Junction,30.249249123459105,36.470924,20.568032047966522
HS_89601459b9bffff,No Junction,27.63162338716784,33.288822,20.473638872523274
HS_8961892ec77ffff,No Junction,30.286042352577212,36.470924,20.42155905635484
HS_896016960d7ffff,No Junction,30.29219961677429,36.470924,20.3970818852179
HS_8960144b4dbffff,No Junction,30.29689732698064,36.470924,20.378413617167784
HS_8961892cd13ffff,No Junction,30.30699807624815,36.470924,20.338293768606462
HS_896189255d3ffff,No Junction,30.309915628438855,36.470924,20.326710323211415
HS_8961892531bffff,No Junction,30.314757772245574,36.470924,20.3074906665824
HS_8961892dd37ffff,No Junction,30.31560748894222,36.470924,20.304118565805986
HS_8960145a123ffff,No Junction,30.31560748894222,36.470924,20.304118565805986
HS_8961892439bffff,No Junction,30.31560748894222,36.470924,20.304118565805986
HS_8960145b207ffff,No Junction,30.32149337877922,36.470924,20.28076560030491
HS_896014584a3ffff,No Junction,28.29117432121552,34.01901,20.246011177287155
HS_89618920b6bffff,No Junction,30.338368096589136,36.470924,20.21386338687656
HS_89618925b03ffff,BTP192 - Urvashi Theater,83.24445248059362,100.0,20.1281250823441
HS_89601696dafffff,No Junction,30.361205715878775,36.470924,20.123438834207022
HS_8961892ccd7ffff,No Junction,30.387125634488036,36.470924,20.02097472506096
HS_896014514c3ffff,No Junction,30.387125634488036,36.470924,20.02097472506096
HS_8961892c14fffff,No Junction,30.387125634488036,36.470924,20.02097472506096
